city,country,totalRevenue
Paris,France,2819168.9000000004
"San Francisco",USA,1337439.5799999998
London,UK,1324325.9000000001
NYC,USA,1072619.47
Sydney,Australia,1007292.9799999997
Boston,USA,835882.33
Tokyo,Japan,457110.06999999995
