productLine,totalRevenue
"Classic Cars",3853922.4899999965
"Vintage Cars",1797559.6299999994
Motorcycles,1121426.1199999999
"Trucks and Buses",1024113.5699999998
Planes,954637.5400000003
Ships,663998.34
Trains,188532.92
